path	function	max_logical_lines	category	reason	follow_up
crates/laminar-connectors/src/files/discovery.rs	local_discovery_loop	129	characterization-required-local-exception	The function is known readability debt, but its observable branches are not isolated enough for a safe semantic split in this pass; wrapper-only extraction would not improve comprehension.	Characterize observable outcomes and extract a domain-owned phase with explicit inputs and outputs; this function must not grow.
crates/laminar-connectors/src/files/source.rs	start	135	ordered-protocol-local-exception	The remaining body is one ordered control transaction whose awaits, durable publication, authority checks, and cleanup/rollback branches are audited together; an uncharacterized split could obscure the commit boundary or primary failure.	Add focused transition/fault-injection coverage and extract immutable preparation or cold failure handling; this function must not grow.
crates/laminar-connectors/src/files/source.rs	poll_batch	148	characterization-required-local-exception	The function is known readability debt, but its observable branches are not isolated enough for a safe semantic split in this pass; wrapper-only extraction would not improve comprehension.	Characterize observable outcomes and extract a domain-owned phase with explicit inputs and outputs; this function must not grow.
crates/laminar-connectors/src/kafka/mod.rs	kafka_source_config_keys	183	characterization-required-local-exception	The function is known readability debt, but its observable branches are not isolated enough for a safe semantic split in this pass; wrapper-only extraction would not improve comprehension.	Characterize observable outcomes and extract a domain-owned phase with explicit inputs and outputs; this function must not grow.
crates/laminar-connectors/src/kafka/sink_config.rs	from_config	125	characterization-required-local-exception	The function is known readability debt, but its observable branches are not isolated enough for a safe semantic split in this pass; wrapper-only extraction would not improve comprehension.	Characterize observable outcomes and extract a domain-owned phase with explicit inputs and outputs; this function must not grow.
crates/laminar-connectors/src/kafka/sink.rs	write_batch	210	characterization-required-local-exception	The function is known readability debt, but its observable branches are not isolated enough for a safe semantic split in this pass; wrapper-only extraction would not improve comprehension.	Characterize observable outcomes and extract a domain-owned phase with explicit inputs and outputs; this function must not grow.
crates/laminar-connectors/src/kafka/source/reader.rs	run	291	ordered-protocol-local-exception	The remaining body is one ordered control transaction whose awaits, durable publication, authority checks, and cleanup/rollback branches are audited together; an uncharacterized split could obscure the commit boundary or primary failure.	Add focused transition/fault-injection coverage and extract immutable preparation or cold failure handling; this function must not grow.
crates/laminar-connectors/src/lakehouse/delta_config.rs	from_config	158	characterization-required-local-exception	The function is known readability debt, but its observable branches are not isolated enough for a safe semantic split in this pass; wrapper-only extraction would not improve comprehension.	Characterize observable outcomes and extract a domain-owned phase with explicit inputs and outputs; this function must not grow.
crates/laminar-connectors/src/lakehouse/delta_source.rs	poll_batch	148	characterization-required-local-exception	The function is known readability debt, but its observable branches are not isolated enough for a safe semantic split in this pass; wrapper-only extraction would not improve comprehension.	Characterize observable outcomes and extract a domain-owned phase with explicit inputs and outputs; this function must not grow.
crates/laminar-connectors/src/lakehouse/mod.rs	delta_lake_config_keys	141	characterization-required-local-exception	The function is known readability debt, but its observable branches are not isolated enough for a safe semantic split in this pass; wrapper-only extraction would not improve comprehension.	Characterize observable outcomes and extract a domain-owned phase with explicit inputs and outputs; this function must not grow.
crates/laminar-connectors/src/mongodb/config.rs	from_config	129	characterization-required-local-exception	The function is known readability debt, but its observable branches are not isolated enough for a safe semantic split in this pass; wrapper-only extraction would not improve comprehension.	Characterize observable outcomes and extract a domain-owned phase with explicit inputs and outputs; this function must not grow.
crates/laminar-connectors/src/mongodb/lookup.rs	query	133	characterization-required-local-exception	The function is known readability debt, but its observable branches are not isolated enough for a safe semantic split in this pass; wrapper-only extraction would not improve comprehension.	Characterize observable outcomes and extract a domain-owned phase with explicit inputs and outputs; this function must not grow.
crates/laminar-connectors/src/nats/sink.rs	write_batch	154	characterization-required-local-exception	The function is known readability debt, but its observable branches are not isolated enough for a safe semantic split in this pass; wrapper-only extraction would not improve comprehension.	Characterize observable outcomes and extract a domain-owned phase with explicit inputs and outputs; this function must not grow.
crates/laminar-connectors/src/otel/convert.rs	trace_request_to_batch	130	characterization-required-local-exception	The function is known readability debt, but its observable branches are not isolated enough for a safe semantic split in this pass; wrapper-only extraction would not improve comprehension.	Characterize observable outcomes and extract a domain-owned phase with explicit inputs and outputs; this function must not grow.
crates/laminar-connectors/src/postgres/lookup.rs	query	130	characterization-required-local-exception	The function is known readability debt, but its observable branches are not isolated enough for a safe semantic split in this pass; wrapper-only extraction would not improve comprehension.	Characterize observable outcomes and extract a domain-owned phase with explicit inputs and outputs; this function must not grow.
crates/laminar-connectors/src/postgres/lookup.rs	build_pool	126	characterization-required-local-exception	The function is known readability debt, but its observable branches are not isolated enough for a safe semantic split in this pass; wrapper-only extraction would not improve comprehension.	Characterize observable outcomes and extract a domain-owned phase with explicit inputs and outputs; this function must not grow.
crates/laminar-connectors/src/postgres/types.rs	arrow_column_to_pg_array	183	characterization-required-local-exception	The function is known readability debt, but its observable branches are not isolated enough for a safe semantic split in this pass; wrapper-only extraction would not improve comprehension.	Characterize observable outcomes and extract a domain-owned phase with explicit inputs and outputs; this function must not grow.
crates/laminar-connectors/src/schema/json/decoder/value.rs	append_value	173	characterization-required-local-exception	The function is known readability debt, but its observable branches are not isolated enough for a safe semantic split in this pass; wrapper-only extraction would not improve comprehension.	Characterize observable outcomes and extract a domain-owned phase with explicit inputs and outputs; this function must not grow.
crates/laminar-connectors/src/websocket/sink.rs	open	294	characterization-required-local-exception	The function is known readability debt, but its observable branches are not isolated enough for a safe semantic split in this pass; wrapper-only extraction would not improve comprehension.	Characterize observable outcomes and extract a domain-owned phase with explicit inputs and outputs; this function must not grow.
crates/laminar-connectors/src/websocket/source.rs	spawn_reader	193	characterization-required-local-exception	The function is known readability debt, but its observable branches are not isolated enough for a safe semantic split in this pass; wrapper-only extraction would not improve comprehension.	Characterize observable outcomes and extract a domain-owned phase with explicit inputs and outputs; this function must not grow.
crates/laminar-core/src/checkpoint/checkpoint_manifest.rs	validate	349	characterization-required-local-exception	The function is known readability debt, but its observable branches are not isolated enough for a safe semantic split in this pass; wrapper-only extraction would not improve comprehension.	Characterize observable outcomes and extract a domain-owned phase with explicit inputs and outputs; this function must not grow.
crates/laminar-core/src/checkpoint/committed_checkpoint.rs	validate	125	characterization-required-local-exception	The function is known readability debt, but its observable branches are not isolated enough for a safe semantic split in this pass; wrapper-only extraction would not improve comprehension.	Characterize observable outcomes and extract a domain-owned phase with explicit inputs and outputs; this function must not grow.
crates/laminar-core/src/cluster/control/leader_lease.rs	validate_checkpoint_outcome_chain	126	module-review-baseline	Lease acquisition, renewal, process authority, and durable fencing share one protocol owner.	Split leader and process lease protocols after characterization; file may not grow.
crates/laminar-core/src/cluster/control/leader_lease.rs	prune_history	288	module-review-baseline	Lease acquisition, renewal, process authority, and durable fencing share one protocol owner.	Split leader and process lease protocols after characterization; file may not grow.
crates/laminar-core/src/cluster/control/leader_lease.rs	audited_cluster_outcomes_from	287	module-review-baseline	Lease acquisition, renewal, process authority, and durable fencing share one protocol owner.	Split leader and process lease protocols after characterization; file may not grow.
crates/laminar-core/src/cluster/control/leader_lease.rs	record_cluster_outcome	271	module-review-baseline	Lease acquisition, renewal, process authority, and durable fencing share one protocol owner.	Split leader and process lease protocols after characterization; file may not grow.
crates/laminar-core/src/cluster/control/leader_lease.rs	record_assignment_decision	142	module-review-baseline	Lease acquisition, renewal, process authority, and durable fencing share one protocol owner.	Split leader and process lease protocols after characterization; file may not grow.
crates/laminar-core/src/cluster/control/leader_lease.rs	cluster_outcome_from_snapshot	164	module-review-baseline	Lease acquisition, renewal, process authority, and durable fencing share one protocol owner.	Split leader and process lease protocols after characterization; file may not grow.
crates/laminar-core/src/cluster/control/leader_lease.rs	begin_cluster_artifact_cleanup	160	module-review-baseline	Lease acquisition, renewal, process authority, and durable fencing share one protocol owner.	Split leader and process lease protocols after characterization; file may not grow.
crates/laminar-core/src/cluster/control/leader_lease.rs	run	201	module-review-baseline	Lease acquisition, renewal, process authority, and durable fencing share one protocol owner.	Split leader and process lease protocols after characterization; file may not grow.
crates/laminar-core/src/cluster/discovery/gossip_discovery.rs	start_with_transport	189	ordered-protocol-local-exception	The remaining body is one ordered control transaction whose awaits, durable publication, authority checks, and cleanup/rollback branches are audited together; an uncharacterized split could obscure the commit boundary or primary failure.	Add focused transition/fault-injection coverage and extract immutable preparation or cold failure handling; this function must not grow.
crates/laminar-core/src/shuffle/transport.rs	send_to_inner	170	hot-path-or-protocol-owner	Transport authority, delivery accounting, retry, and connection tasks are coupled.	Separate cold connection/control ownership without changing frame hot paths; file may not grow.
crates/laminar-core/src/shuffle/transport.rs	run_stream	354	hot-path-or-protocol-owner	Transport authority, delivery accounting, retry, and connection tasks are coupled.	Separate cold connection/control ownership without changing frame hot paths; file may not grow.
crates/laminar-core/src/state/partition_key.rs	validate_key_type	124	characterization-required-local-exception	The function is known readability debt, but its observable branches are not isolated enough for a safe semantic split in this pass; wrapper-only extraction would not improve comprehension.	Characterize observable outcomes and extract a domain-owned phase with explicit inputs and outputs; this function must not grow.
crates/laminar-db/src/aggregate_state/mod.rs	encode	228	hot-path-or-protocol-owner	Aggregate state mutation, accounting, and checkpoint integration remain coupled.	Continue extracting cold compile/restore concepts; file may not grow.
crates/laminar-db/src/aggregate_state/mod.rs	try_from_sql	259	hot-path-or-protocol-owner	Aggregate state mutation, accounting, and checkpoint integration remain coupled.	Continue extracting cold compile/restore concepts; file may not grow.
crates/laminar-db/src/aggregate_state/mod.rs	process_batch_for_vnode	149	hot-path-or-protocol-owner	Aggregate state mutation, accounting, and checkpoint integration remain coupled.	Continue extracting cold compile/restore concepts; file may not grow.
crates/laminar-db/src/aggregate_state/mod.rs	emit_changelog_delta	133	hot-path-or-protocol-owner	Aggregate state mutation, accounting, and checkpoint integration remain coupled.	Continue extracting cold compile/restore concepts; file may not grow.
crates/laminar-db/src/aggregate_state/mod.rs	prepare_owned_vnode_transition	187	hot-path-or-protocol-owner	Aggregate state mutation, accounting, and checkpoint integration remain coupled.	Continue extracting cold compile/restore concepts; file may not grow.
crates/laminar-db/src/aggregate_state/checkpoints/ipc.rs	ipc_field_shape	203	hot-path-local-exception	The remaining body owns one cohesive record/batch/state iteration or accounting boundary; extraction without a dedicated benchmark could add calls, allocation, copying, or obscure exact state mutation order.	Add or run a focused benchmark, then extract only cold validation, preparation, error conversion, or result assembly; this function must not grow.
crates/laminar-db/src/aggregate_state/checkpoints/ipc.rs	validate_ipc_batch_layout	206	hot-path-local-exception	The remaining body owns one cohesive record/batch/state iteration or accounting boundary; extraction without a dedicated benchmark could add calls, allocation, copying, or obscure exact state mutation order.	Add or run a focused benchmark, then extract only cold validation, preparation, error conversion, or result assembly; this function must not grow.
crates/laminar-db/src/aggregate_state/checkpoints/ipc.rs	preflight_scalar_ipc_restore	194	hot-path-local-exception	The remaining body owns one cohesive record/batch/state iteration or accounting boundary; extraction without a dedicated benchmark could add calls, allocation, copying, or obscure exact state mutation order.	Add or run a focused benchmark, then extract only cold validation, preparation, error conversion, or result assembly; this function must not grow.
crates/laminar-db/src/aggregate_state/compile.rs	push_aggregate	132	hot-path-local-exception	The remaining body owns one cohesive record/batch/state iteration or accounting boundary; extraction without a dedicated benchmark could add calls, allocation, copying, or obscure exact state mutation order.	Add or run a focused benchmark, then extract only cold validation, preparation, error conversion, or result assembly; this function must not grow.
crates/laminar-db/src/builder/mod.rs	build	187	characterization-required-local-exception	The function is known readability debt, but its observable branches are not isolated enough for a safe semantic split in this pass; wrapper-only extraction would not improve comprehension.	Characterize observable outcomes and extract a domain-owned phase with explicit inputs and outputs; this function must not grow.
crates/laminar-db/src/checkpoint_coordinator.rs	run_cluster_gc_request	121	module-review-baseline	Checkpoint admission, persistence, cleanup, and completion remain one protocol implementation.	Extract attempt lifecycle and cleanup owners under existing tests; file may not grow.
crates/laminar-db/src/checkpoint_coordinator.rs	load_handoff_state_frames	258	module-review-baseline	Checkpoint admission, persistence, cleanup, and completion remain one protocol implementation.	Extract attempt lifecycle and cleanup owners under existing tests; file may not grow.
crates/laminar-db/src/checkpoint_coordinator.rs	install_recovered_cut	172	module-review-baseline	Checkpoint admission, persistence, cleanup, and completion remain one protocol implementation.	Extract attempt lifecycle and cleanup owners under existing tests; file may not grow.
crates/laminar-db/src/checkpoint_coordinator.rs	begin_sink_epoch_until	142	module-review-baseline	Checkpoint admission, persistence, cleanup, and completion remain one protocol implementation.	Extract attempt lifecycle and cleanup owners under existing tests; file may not grow.
crates/laminar-db/src/checkpoint_coordinator.rs	validate_request	126	module-review-baseline	Checkpoint admission, persistence, cleanup, and completion remain one protocol implementation.	Extract attempt lifecycle and cleanup owners under existing tests; file may not grow.
crates/laminar-db/src/checkpoint_coordinator.rs	complete_sparse_vnode_captures	136	module-review-baseline	Checkpoint admission, persistence, cleanup, and completion remain one protocol implementation.	Extract attempt lifecycle and cleanup owners under existing tests; file may not grow.
crates/laminar-db/src/checkpoint_coordinator.rs	pack_checkpoint	273	module-review-baseline	Checkpoint admission, persistence, cleanup, and completion remain one protocol implementation.	Extract attempt lifecycle and cleanup owners under existing tests; file may not grow.
crates/laminar-db/src/checkpoint_coordinator.rs	seal_checkpoint_artifacts_until	124	module-review-baseline	Checkpoint admission, persistence, cleanup, and completion remain one protocol implementation.	Extract attempt lifecycle and cleanup owners under existing tests; file may not grow.
crates/laminar-db/src/checkpoint_coordinator.rs	commit_external_sinks_until	133	module-review-baseline	Checkpoint admission, persistence, cleanup, and completion remain one protocol implementation.	Extract attempt lifecycle and cleanup owners under existing tests; file may not grow.
crates/laminar-db/src/checkpoint_coordinator.rs	run_checkpoint_attempt	424	module-review-baseline	Checkpoint admission, persistence, cleanup, and completion remain one protocol implementation.	Extract attempt lifecycle and cleanup owners under existing tests; file may not grow.
crates/laminar-db/src/checkpoint_coordinator.rs	follower_finish_with_publication	121	module-review-baseline	Checkpoint admission, persistence, cleanup, and completion remain one protocol implementation.	Extract attempt lifecycle and cleanup owners under existing tests; file may not grow.
crates/laminar-db/src/coordinated_recovery.rs	run	202	module-review-baseline	Recovery round phases, quorum evidence, and lifecycle fencing share exact ordering.	Split immutable phase preparation from protocol execution; file may not grow.
crates/laminar-db/src/coordinated_recovery.rs	observe	275	module-review-baseline	Recovery round phases, quorum evidence, and lifecycle fencing share exact ordering.	Split immutable phase preparation from protocol execution; file may not grow.
crates/laminar-db/src/coordinated_recovery.rs	observe_nonparticipant_release	154	module-review-baseline	Recovery round phases, quorum evidence, and lifecycle fencing share exact ordering.	Split immutable phase preparation from protocol execution; file may not grow.
crates/laminar-db/src/coordinated_recovery.rs	drive_round	434	module-review-baseline	Recovery round phases, quorum evidence, and lifecycle fencing share exact ordering.	Split immutable phase preparation from protocol execution; file may not grow.
crates/laminar-db/src/coordinated_recovery.rs	await_pending_release_commit	161	module-review-baseline	Recovery round phases, quorum evidence, and lifecycle fencing share exact ordering.	Split immutable phase preparation from protocol execution; file may not grow.
crates/laminar-db/src/coordinated_recovery.rs	release_after_readiness_quorum	300	module-review-baseline	Recovery round phases, quorum evidence, and lifecycle fencing share exact ordering.	Split immutable phase preparation from protocol execution; file may not grow.
crates/laminar-db/src/coordinated_recovery.rs	current_recovery_assignment_fence	167	module-review-baseline	Recovery round phases, quorum evidence, and lifecycle fencing share exact ordering.	Split immutable phase preparation from protocol execution; file may not grow.
crates/laminar-db/src/coordinated_recovery.rs	recovery_round_assignment_is_restorable	132	module-review-baseline	Recovery round phases, quorum evidence, and lifecycle fencing share exact ordering.	Split immutable phase preparation from protocol execution; file may not grow.
crates/laminar-db/src/coordinated_recovery.rs	recovery_prepare_supersession_fence_after_assignment_settlement	219	module-review-baseline	Recovery round phases, quorum evidence, and lifecycle fencing share exact ordering.	Split immutable phase preparation from protocol execution; file may not grow.
crates/laminar-db/src/coordinated_recovery.rs	wait_stopped_quorum_until	138	module-review-baseline	Recovery round phases, quorum evidence, and lifecycle fencing share exact ordering.	Split immutable phase preparation from protocol execution; file may not grow.
crates/laminar-db/src/core_window_state.rs	try_from_sql	431	hot-path-or-protocol-owner	Window mutation, eviction, checkpointing, and accounting share tight invariants.	Extract cold restore/validation after state benchmarks; file may not grow.
crates/laminar-db/src/core_window_state.rs	update_batch_grouped	124	hot-path-or-protocol-owner	Window mutation, eviction, checkpointing, and accounting share tight invariants.	Extract cold restore/validation after state benchmarks; file may not grow.
crates/laminar-db/src/core_window_state.rs	update_session_window	241	hot-path-or-protocol-owner	Window mutation, eviction, checkpointing, and accounting share tight invariants.	Extract cold restore/validation after state benchmarks; file may not grow.
crates/laminar-db/src/core_window_state.rs	close_session_windows	128	hot-path-or-protocol-owner	Window mutation, eviction, checkpointing, and accounting share tight invariants.	Extract cold restore/validation after state benchmarks; file may not grow.
crates/laminar-db/src/core_window_state.rs	capture_full_vnode	171	hot-path-or-protocol-owner	Window mutation, eviction, checkpointing, and accounting share tight invariants.	Extract cold restore/validation after state benchmarks; file may not grow.
crates/laminar-db/src/core_window_state.rs	preflight_vnode_bytes	133	hot-path-or-protocol-owner	Window mutation, eviction, checkpointing, and accounting share tight invariants.	Extract cold restore/validation after state benchmarks; file may not grow.
crates/laminar-db/src/core_window_state.rs	prepare_owned_vnode_transition	167	hot-path-or-protocol-owner	Window mutation, eviction, checkpointing, and accounting share tight invariants.	Extract cold restore/validation after state benchmarks; file may not grow.
crates/laminar-db/src/core_window_state.rs	encode	220	hot-path-or-protocol-owner	Window mutation, eviction, checkpointing, and accounting share tight invariants.	Extract cold restore/validation after state benchmarks; file may not grow.
crates/laminar-db/src/db.rs	open_with_config_and_vars_and_rules	196	module-review-baseline	Root database construction and cross-subsystem ownership still form a broad facade.	Move coherent registry and cluster-construction owners while preserving public paths; file may not grow.
crates/laminar-db/src/db.rs	install_shuffle_assignment_fence	127	module-review-baseline	Root database construction and cross-subsystem ownership still form a broad facade.	Move coherent registry and cluster-construction owners while preserving public paths; file may not grow.
crates/laminar-db/src/db.rs	activate_assignment_authority	352	module-review-baseline	Root database construction and cross-subsystem ownership still form a broad facade.	Move coherent registry and cluster-construction owners while preserving public paths; file may not grow.
crates/laminar-db/src/db.rs	restore_catalog_from_manifest	140	module-review-baseline	Root database construction and cross-subsystem ownership still form a broad facade.	Move coherent registry and cluster-construction owners while preserving public paths; file may not grow.
crates/laminar-db/src/db.rs	adopt_assignment_snapshot_locked	1258	module-review-baseline	Root database construction and cross-subsystem ownership still form a broad facade.	Move coherent registry and cluster-construction owners while preserving public paths; file may not grow.
crates/laminar-db/src/db.rs	execute_cluster_bootstrap_batch	148	module-review-baseline	Root database construction and cross-subsystem ownership still form a broad facade.	Move coherent registry and cluster-construction owners while preserving public paths; file may not grow.
crates/laminar-db/src/db.rs	execute_parsed_single	287	module-review-baseline	Root database construction and cross-subsystem ownership still form a broad facade.	Move coherent registry and cluster-construction owners while preserving public paths; file may not grow.
crates/laminar-db/src/db.rs	checkpoint_until_inner	130	module-review-baseline	Root database construction and cross-subsystem ownership still form a broad facade.	Move coherent registry and cluster-construction owners while preserving public paths; file may not grow.
crates/laminar-db/src/ddl.rs	validate_create_table_envelope	147	module-review-baseline	DDL validation and catalog mutation still cover several statement families.	Split statement-family orchestration while preserving SQL errors; file may not grow.
crates/laminar-db/src/ddl.rs	build_table_fields_and_primary_key	148	module-review-baseline	DDL validation and catalog mutation still cover several statement families.	Split statement-family orchestration while preserving SQL errors; file may not grow.
crates/laminar-db/src/ddl.rs	cleanup_catalog_object	200	module-review-baseline	DDL validation and catalog mutation still cover several statement families.	Split statement-family orchestration while preserving SQL errors; file may not grow.
crates/laminar-db/src/ddl.rs	handle_create_stream	159	module-review-baseline	DDL validation and catalog mutation still cover several statement families.	Split statement-family orchestration while preserving SQL errors; file may not grow.
crates/laminar-db/src/ddl.rs	validate_interval_join_schema	168	module-review-baseline	DDL validation and catalog mutation still cover several statement families.	Split statement-family orchestration while preserving SQL errors; file may not grow.
crates/laminar-db/src/ddl.rs	validate_cluster_query_shape	262	module-review-baseline	DDL validation and catalog mutation still cover several statement families.	Split statement-family orchestration while preserving SQL errors; file may not grow.
crates/laminar-db/src/ddl.rs	handle_create_materialized_view	178	module-review-baseline	DDL validation and catalog mutation still cover several statement families.	Split statement-family orchestration while preserving SQL errors; file may not grow.
crates/laminar-db/src/engine_metrics.rs	new	327	characterization-required-local-exception	The function is known readability debt, but its observable branches are not isolated enough for a safe semantic split in this pass; wrapper-only extraction would not improve comprehension.	Characterize observable outcomes and extract a domain-owned phase with explicit inputs and outputs; this function must not grow.
crates/laminar-db/src/error.rs	fmt	141	characterization-required-local-exception	The function is known readability debt, but its observable branches are not isolated enough for a safe semantic split in this pass; wrapper-only extraction would not improve comprehension.	Characterize observable outcomes and extract a domain-owned phase with explicit inputs and outputs; this function must not grow.
crates/laminar-db/src/interval_join.rs	encode	613	hot-path-or-protocol-owner	Persisted interval state and match/eviction hot paths remain coupled.	Extract serialization and cold validation after benchmarks; file may not grow.
crates/laminar-db/src/interval_join.rs	encode_side	504	hot-path-or-protocol-owner	Persisted interval state and match/eviction hot paths remain coupled.	Extract serialization and cold validation after benchmarks; file may not grow.
crates/laminar-db/src/interval_join.rs	compact	128	hot-path-or-protocol-owner	Persisted interval state and match/eviction hot paths remain coupled.	Extract serialization and cold validation after benchmarks; file may not grow.
crates/laminar-db/src/interval_join.rs	capture_checkpoint	218	hot-path-or-protocol-owner	Persisted interval state and match/eviction hot paths remain coupled.	Extract serialization and cold validation after benchmarks; file may not grow.
crates/laminar-db/src/interval_join.rs	from_checkpoint_with_mode	447	hot-path-or-protocol-owner	Persisted interval state and match/eviction hot paths remain coupled.	Extract serialization and cold validation after benchmarks; file may not grow.
crates/laminar-db/src/interval_join.rs	decode_side	130	hot-path-or-protocol-owner	Persisted interval state and match/eviction hot paths remain coupled.	Extract serialization and cold validation after benchmarks; file may not grow.
crates/laminar-db/src/interval_join.rs	flush_output_rows	144	hot-path-or-protocol-owner	Persisted interval state and match/eviction hot paths remain coupled.	Extract serialization and cold validation after benchmarks; file may not grow.
crates/laminar-db/src/interval_join.rs	normalize_join_input	142	hot-path-or-protocol-owner	Persisted interval state and match/eviction hot paths remain coupled.	Extract serialization and cold validation after benchmarks; file may not grow.
crates/laminar-db/src/interval_join.rs	execute_interval_join_cycle_with_mode	521	hot-path-or-protocol-owner	Persisted interval state and match/eviction hot paths remain coupled.	Extract serialization and cold validation after benchmarks; file may not grow.
crates/laminar-db/src/operator_graph.rs	add_query	261	hot-path-or-protocol-owner	Graph topology, execution, checkpoint state, and routing remain combined.	Extract topology and checkpoint-state owners after graph characterization; file may not grow.
crates/laminar-db/src/operator_graph.rs	create_operator	197	hot-path-or-protocol-owner	Graph topology, execution, checkpoint state, and routing remain combined.	Extract topology and checkpoint-state owners after graph characterization; file may not grow.
crates/laminar-db/src/operator_graph.rs	execute_single_operator	160	hot-path-or-protocol-owner	Graph topology, execution, checkpoint state, and routing remain combined.	Extract topology and checkpoint-state owners after graph characterization; file may not grow.
crates/laminar-db/src/operator_graph.rs	execute_cycle_attempt	136	hot-path-or-protocol-owner	Graph topology, execution, checkpoint state, and routing remain combined.	Extract topology and checkpoint-state owners after graph characterization; file may not grow.
crates/laminar-db/src/operator_graph.rs	wait_for_remaining_shuffle_barriers	306	hot-path-or-protocol-owner	Graph topology, execution, checkpoint state, and routing remain combined.	Extract topology and checkpoint-state owners after graph characterization; file may not grow.
crates/laminar-db/src/operator_graph.rs	align_shuffle_barriers_inner	364	hot-path-or-protocol-owner	Graph topology, execution, checkpoint state, and routing remain combined.	Extract topology and checkpoint-state owners after graph characterization; file may not grow.
crates/laminar-db/src/operator_graph.rs	capture_state	127	hot-path-or-protocol-owner	Graph topology, execution, checkpoint state, and routing remain combined.	Extract topology and checkpoint-state owners after graph characterization; file may not grow.
crates/laminar-db/src/operator_graph.rs	restore_state_frames	139	hot-path-or-protocol-owner	Graph topology, execution, checkpoint state, and routing remain combined.	Extract topology and checkpoint-state owners after graph characterization; file may not grow.
crates/laminar-db/src/operator/eowc_query.rs	capture_cluster_checkpoint	249	hot-path-or-protocol-owner	End-of-window execution and state/output assembly remain one hot operator.	Extract cold compilation and recovery after benchmark coverage; file may not grow.
crates/laminar-db/src/operator/eowc_query.rs	decode_cluster_checkpoint	296	hot-path-or-protocol-owner	End-of-window execution and state/output assembly remain one hot operator.	Extract cold compilation and recovery after benchmark coverage; file may not grow.
crates/laminar-db/src/operator/eowc_query.rs	portable_handoff_cut	136	hot-path-or-protocol-owner	End-of-window execution and state/output assembly remain one hot operator.	Extract cold compilation and recovery after benchmark coverage; file may not grow.
crates/laminar-db/src/operator/eowc_query.rs	prepare_transition_image	348	hot-path-or-protocol-owner	End-of-window execution and state/output assembly remain one hot operator.	Extract cold compilation and recovery after benchmark coverage; file may not grow.
crates/laminar-db/src/operator/interval_join_input.rs	encode_preflight	129	hot-path-or-protocol-owner	Two-sided admission, buffering, and replay ordering form one state machine.	Introduce explicit state owners without changing per-row work; file may not grow.
crates/laminar-db/src/operator/interval_join_input.rs	encode	201	hot-path-or-protocol-owner	Two-sided admission, buffering, and replay ordering form one state machine.	Introduce explicit state owners without changing per-row work; file may not grow.
crates/laminar-db/src/operator/interval_join_input.rs	try_new_at_cutoff	144	hot-path-or-protocol-owner	Two-sided admission, buffering, and replay ordering form one state machine.	Introduce explicit state owners without changing per-row work; file may not grow.
crates/laminar-db/src/operator/interval_join_input.rs	capture_checkpoint	140	hot-path-or-protocol-owner	Two-sided admission, buffering, and replay ordering form one state machine.	Introduce explicit state owners without changing per-row work; file may not grow.
crates/laminar-db/src/operator/interval_join_input.rs	checkpoint_restore_preflight_bytes	258	hot-path-or-protocol-owner	Two-sided admission, buffering, and replay ordering form one state machine.	Introduce explicit state owners without changing per-row work; file may not grow.
crates/laminar-db/src/operator/interval_join_input.rs	from_checkpoint	359	hot-path-or-protocol-owner	Two-sided admission, buffering, and replay ordering form one state machine.	Introduce explicit state owners without changing per-row work; file may not grow.
crates/laminar-db/src/operator/interval_join_input.rs	plan_keyed	187	hot-path-or-protocol-owner	Two-sided admission, buffering, and replay ordering form one state machine.	Introduce explicit state owners without changing per-row work; file may not grow.
crates/laminar-db/src/operator/interval_join_input.rs	plan_full	146	hot-path-or-protocol-owner	Two-sided admission, buffering, and replay ordering form one state machine.	Introduce explicit state owners without changing per-row work; file may not grow.
crates/laminar-db/src/operator/interval_join_input.rs	preflight_and_reserve	167	hot-path-or-protocol-owner	Two-sided admission, buffering, and replay ordering form one state machine.	Introduce explicit state owners without changing per-row work; file may not grow.
crates/laminar-db/src/operator/interval_join_input.rs	preflight_single_batch_ipc_restore	121	hot-path-or-protocol-owner	Two-sided admission, buffering, and replay ordering form one state machine.	Introduce explicit state owners without changing per-row work; file may not grow.
crates/laminar-db/src/operator/interval_join.rs	encode	213	hot-path-or-protocol-owner	Interval-join planning, state mutation, and output hot loops remain co-located.	Extract cold validation and recovery without adding per-row cost; file may not grow.
crates/laminar-db/src/operator/interval_join.rs	capture_cluster_checkpoint	314	hot-path-or-protocol-owner	Interval-join planning, state mutation, and output hot loops remain co-located.	Extract cold validation and recovery without adding per-row cost; file may not grow.
crates/laminar-db/src/operator/interval_join.rs	deserialize_state	166	hot-path-or-protocol-owner	Interval-join planning, state mutation, and output hot loops remain co-located.	Extract cold validation and recovery without adding per-row cost; file may not grow.
crates/laminar-db/src/operator/interval_join.rs	preflight_whole_restore_archive	276	hot-path-or-protocol-owner	Interval-join planning, state mutation, and output hot loops remain co-located.	Extract cold validation and recovery without adding per-row cost; file may not grow.
crates/laminar-db/src/operator/interval_join.rs	portable_handoff_cut	235	hot-path-or-protocol-owner	Interval-join planning, state mutation, and output hot loops remain co-located.	Extract cold validation and recovery without adding per-row cost; file may not grow.
crates/laminar-db/src/operator/interval_join.rs	execute_shard_cycle	199	hot-path-or-protocol-owner	Interval-join planning, state mutation, and output hot loops remain co-located.	Extract cold validation and recovery without adding per-row cost; file may not grow.
crates/laminar-db/src/operator/interval_join.rs	prevalidate_inputs	130	hot-path-or-protocol-owner	Interval-join planning, state mutation, and output hot loops remain co-located.	Extract cold validation and recovery without adding per-row cost; file may not grow.
crates/laminar-db/src/operator/interval_join.rs	plan_cluster_inputs	166	hot-path-or-protocol-owner	Interval-join planning, state mutation, and output hot loops remain co-located.	Extract cold validation and recovery without adding per-row cost; file may not grow.
crates/laminar-db/src/operator/interval_join.rs	restore	402	hot-path-or-protocol-owner	Interval-join planning, state mutation, and output hot loops remain co-located.	Extract cold validation and recovery without adding per-row cost; file may not grow.
crates/laminar-db/src/operator/interval_join.rs	checkpoint_vnodes	147	hot-path-or-protocol-owner	Interval-join planning, state mutation, and output hot loops remain co-located.	Extract cold validation and recovery without adding per-row cost; file may not grow.
crates/laminar-db/src/operator/interval_join.rs	prepare_vnode_transition	689	hot-path-or-protocol-owner	Interval-join planning, state mutation, and output hot loops remain co-located.	Extract cold validation and recovery without adding per-row cost; file may not grow.
crates/laminar-db/src/operator/sql_query.rs	encode_agg_checkpoint_capture	160	hot-path-or-protocol-owner	DataFusion execution and streaming state/output assembly share a hot operator.	Extract cold plan preparation after benchmark coverage; file may not grow.
crates/laminar-db/src/operator/sql_query.rs	lazy_init	124	hot-path-or-protocol-owner	DataFusion execution and streaming state/output assembly share a hot operator.	Extract cold plan preparation after benchmark coverage; file may not grow.
crates/laminar-db/src/operator/sql_query.rs	capture_cluster_checkpoint	249	hot-path-or-protocol-owner	DataFusion execution and streaming state/output assembly share a hot operator.	Extract cold plan preparation after benchmark coverage; file may not grow.
crates/laminar-db/src/operator/sql_query.rs	restore	289	hot-path-or-protocol-owner	DataFusion execution and streaming state/output assembly share a hot operator.	Extract cold plan preparation after benchmark coverage; file may not grow.
crates/laminar-db/src/operator/sql_query.rs	prepare_vnode_transition	446	hot-path-or-protocol-owner	DataFusion execution and streaming state/output assembly share a hot operator.	Extract cold plan preparation after benchmark coverage; file may not grow.
crates/laminar-db/src/operator/temporal_join.rs	preflight_temporal_channel_ipc_restore	153	hot-path-or-protocol-owner	Temporal-join state transitions and record processing are performance-sensitive.	Extract cold planning and checkpoint paths after benchmark coverage; file may not grow.
crates/laminar-db/src/operator/temporal_join.rs	try_new	147	hot-path-or-protocol-owner	Temporal-join state transitions and record processing are performance-sensitive.	Extract cold planning and checkpoint paths after benchmark coverage; file may not grow.
crates/laminar-db/src/operator/temporal_join.rs	capture_cluster_checkpoint	255	hot-path-or-protocol-owner	Temporal-join state transitions and record processing are performance-sensitive.	Extract cold planning and checkpoint paths after benchmark coverage; file may not grow.
crates/laminar-db/src/operator/temporal_join.rs	decode_cluster_checkpoint	395	hot-path-or-protocol-owner	Temporal-join state transitions and record processing are performance-sensitive.	Extract cold planning and checkpoint paths after benchmark coverage; file may not grow.
crates/laminar-db/src/operator/temporal_join.rs	preflight_whole_checkpoint_archive	242	hot-path-or-protocol-owner	Temporal-join state transitions and record processing are performance-sensitive.	Extract cold planning and checkpoint paths after benchmark coverage; file may not grow.
crates/laminar-db/src/operator/temporal_join.rs	plan_cluster_inputs	147	hot-path-or-protocol-owner	Temporal-join state transitions and record processing are performance-sensitive.	Extract cold planning and checkpoint paths after benchmark coverage; file may not grow.
crates/laminar-db/src/operator/temporal_join.rs	drain_maintenance	136	hot-path-or-protocol-owner	Temporal-join state transitions and record processing are performance-sensitive.	Extract cold planning and checkpoint paths after benchmark coverage; file may not grow.
crates/laminar-db/src/operator/temporal_join.rs	process_cluster	130	hot-path-or-protocol-owner	Temporal-join state transitions and record processing are performance-sensitive.	Extract cold planning and checkpoint paths after benchmark coverage; file may not grow.
crates/laminar-db/src/operator/temporal_join.rs	portable_handoff_cut	212	hot-path-or-protocol-owner	Temporal-join state transitions and record processing are performance-sensitive.	Extract cold planning and checkpoint paths after benchmark coverage; file may not grow.
crates/laminar-db/src/operator/temporal_join.rs	prepare_transition_image	496	hot-path-or-protocol-owner	Temporal-join state transitions and record processing are performance-sensitive.	Extract cold planning and checkpoint paths after benchmark coverage; file may not grow.
crates/laminar-db/src/operator/temporal_join.rs	restore	270	hot-path-or-protocol-owner	Temporal-join state transitions and record processing are performance-sensitive.	Extract cold planning and checkpoint paths after benchmark coverage; file may not grow.
crates/laminar-db/src/operator/temporal_join.rs	restore_vnode	122	hot-path-or-protocol-owner	Temporal-join state transitions and record processing are performance-sensitive.	Extract cold planning and checkpoint paths after benchmark coverage; file may not grow.
crates/laminar-db/src/pipeline_callback.rs	encode	128	hot-path-or-protocol-owner	Checkpoint publication, follower alignment, sink fencing, and callback hot paths remain coupled.	Extract durable-tail, follower-control, and callback-dispatch owners; file may not grow.
crates/laminar-db/src/pipeline_callback.rs	await_rejected_follower_settlement	134	hot-path-or-protocol-owner	Checkpoint publication, follower alignment, sink fencing, and callback hot paths remain coupled.	Extract durable-tail, follower-control, and callback-dispatch owners; file may not grow.
crates/laminar-db/src/pipeline_callback.rs	wait_for_aligned_resume	162	hot-path-or-protocol-owner	Checkpoint publication, follower alignment, sink fencing, and callback hot paths remain coupled.	Extract durable-tail, follower-control, and callback-dispatch owners; file may not grow.
crates/laminar-db/src/pipeline_callback.rs	maybe_follower_checkpoint	273	hot-path-or-protocol-owner	Checkpoint publication, follower alignment, sink fencing, and callback hot paths remain coupled.	Extract durable-tail, follower-control, and callback-dispatch owners; file may not grow.
crates/laminar-db/src/pipeline_callback.rs	run_follower_checkpoint_deferred	212	hot-path-or-protocol-owner	Checkpoint publication, follower alignment, sink fencing, and callback hot paths remain coupled.	Extract durable-tail, follower-control, and callback-dispatch owners; file may not grow.
crates/laminar-db/src/pipeline_callback.rs	drain_checkpoint_edges_until_mode	162	hot-path-or-protocol-owner	Checkpoint publication, follower alignment, sink fencing, and callback hot paths remain coupled.	Extract durable-tail, follower-control, and callback-dispatch owners; file may not grow.
crates/laminar-db/src/pipeline_callback.rs	write_to_sinks	263	hot-path-or-protocol-owner	Checkpoint publication, follower alignment, sink fencing, and callback hot paths remain coupled.	Extract durable-tail, follower-control, and callback-dispatch owners; file may not grow.
crates/laminar-db/src/pipeline_callback.rs	publish_checkpoint_prepare	138	hot-path-or-protocol-owner	Checkpoint publication, follower alignment, sink fencing, and callback hot paths remain coupled.	Extract durable-tail, follower-control, and callback-dispatch owners; file may not grow.
crates/laminar-db/src/pipeline_callback.rs	checkpoint_with_barrier	314	hot-path-or-protocol-owner	Checkpoint publication, follower alignment, sink fencing, and callback hot paths remain coupled.	Extract durable-tail, follower-control, and callback-dispatch owners; file may not grow.
crates/laminar-db/src/pipeline_lifecycle/cluster_startup.rs	finish_cluster_startup	233	ordered-protocol-local-exception	The remaining body is one ordered control transaction whose awaits, durable publication, authority checks, and cleanup/rollback branches are audited together; an uncharacterized split could obscure the commit boundary or primary failure.	Add focused transition/fault-injection coverage and extract immutable preparation or cold failure handling; this function must not grow.
crates/laminar-db/src/pipeline_lifecycle/cluster_startup.rs	prepare_cluster_startup_recovery_generation	122	ordered-protocol-local-exception	The remaining body is one ordered control transaction whose awaits, durable publication, authority checks, and cleanup/rollback branches are audited together; an uncharacterized split could obscure the commit boundary or primary failure.	Add focused transition/fault-injection coverage and extract immutable preparation or cold failure handling; this function must not grow.
crates/laminar-db/src/pipeline_lifecycle/operator_graph.rs	build_connector_operator_graph	147	hot-path-local-exception	The remaining body owns one cohesive record/batch/state iteration or accounting boundary; extraction without a dedicated benchmark could add calls, allocation, copying, or obscure exact state mutation order.	Add or run a focused benchmark, then extract only cold validation, preparation, error conversion, or result assembly; this function must not grow.
crates/laminar-db/src/pipeline_lifecycle/operator_graph.rs	build_pipeline_sources	230	hot-path-local-exception	The remaining body owns one cohesive record/batch/state iteration or accounting boundary; extraction without a dedicated benchmark could add calls, allocation, copying, or obscure exact state mutation order.	Add or run a focused benchmark, then extract only cold validation, preparation, error conversion, or result assembly; this function must not grow.
crates/laminar-db/src/pipeline_lifecycle/output_schema.rs	resolve_stream_output_schemas	335	characterization-required-local-exception	The function is known readability debt, but its observable branches are not isolated enough for a safe semantic split in this pass; wrapper-only extraction would not improve comprehension.	Characterize observable outcomes and extract a domain-owned phase with explicit inputs and outputs; this function must not grow.
crates/laminar-db/src/pipeline_lifecycle/reference_tables.rs	prepare_pipeline_watermarks	223	ordered-protocol-local-exception	The remaining body is one ordered control transaction whose awaits, durable publication, authority checks, and cleanup/rollback branches are audited together; an uncharacterized split could obscure the commit boundary or primary failure.	Add focused transition/fault-injection coverage and extract immutable preparation or cold failure handling; this function must not grow.
crates/laminar-db/src/pipeline_lifecycle/runtime_launch.rs	launch_pipeline_runtime	397	ordered-protocol-local-exception	The remaining body is one ordered control transaction whose awaits, durable publication, authority checks, and cleanup/rollback branches are audited together; an uncharacterized split could obscure the commit boundary or primary failure.	Add focused transition/fault-injection coverage and extract immutable preparation or cold failure handling; this function must not grow.
crates/laminar-db/src/pipeline_lifecycle/runtime_launch.rs	start_connector_pipeline	252	ordered-protocol-local-exception	The remaining body is one ordered control transaction whose awaits, durable publication, authority checks, and cleanup/rollback branches are audited together; an uncharacterized split could obscure the commit boundary or primary failure.	Add focused transition/fault-injection coverage and extract immutable preparation or cold failure handling; this function must not grow.
crates/laminar-db/src/pipeline_lifecycle/runtime_preparation.rs	prepare_pipeline_runtime	214	ordered-protocol-local-exception	The remaining body is one ordered control transaction whose awaits, durable publication, authority checks, and cleanup/rollback branches are audited together; an uncharacterized split could obscure the commit boundary or primary failure.	Add focused transition/fault-injection coverage and extract immutable preparation or cold failure handling; this function must not grow.
crates/laminar-db/src/pipeline_lifecycle/shutdown.rs	shutdown	140	ordered-protocol-local-exception	The remaining body is one ordered control transaction whose awaits, durable publication, authority checks, and cleanup/rollback branches are audited together; an uncharacterized split could obscure the commit boundary or primary failure.	Add focused transition/fault-injection coverage and extract immutable preparation or cold failure handling; this function must not grow.
crates/laminar-db/src/pipeline_lifecycle/shutdown.rs	stop_pipeline_with_lifecycle_authority	162	ordered-protocol-local-exception	The remaining body is one ordered control transaction whose awaits, durable publication, authority checks, and cleanup/rollback branches are audited together; an uncharacterized split could obscure the commit boundary or primary failure.	Add focused transition/fault-injection coverage and extract immutable preparation or cold failure handling; this function must not grow.
crates/laminar-db/src/pipeline_lifecycle/sink_admission.rs	open_prepared_sinks	123	ordered-protocol-local-exception	The remaining body is one ordered control transaction whose awaits, durable publication, authority checks, and cleanup/rollback branches are audited together; an uncharacterized split could obscure the commit boundary or primary failure.	Add focused transition/fault-injection coverage and extract immutable preparation or cold failure handling; this function must not grow.
crates/laminar-db/src/pipeline_lifecycle/sink_preparation.rs	prepare_pipeline_sinks	219	ordered-protocol-local-exception	The remaining body is one ordered control transaction whose awaits, durable publication, authority checks, and cleanup/rollback branches are audited together; an uncharacterized split could obscure the commit boundary or primary failure.	Add focused transition/fault-injection coverage and extract immutable preparation or cold failure handling; this function must not grow.
crates/laminar-db/src/pipeline_lifecycle/source_contracts.rs	validate_temporal_source_metadata	128	characterization-required-local-exception	The function is known readability debt, but its observable branches are not isolated enough for a safe semantic split in this pass; wrapper-only extraction would not improve comprehension.	Characterize observable outcomes and extract a domain-owned phase with explicit inputs and outputs; this function must not grow.
crates/laminar-db/src/pipeline_lifecycle/source_contracts.rs	validate_persisted_interval_source_contracts	283	characterization-required-local-exception	The function is known readability debt, but its observable branches are not isolated enough for a safe semantic split in this pass; wrapper-only extraction would not improve comprehension.	Characterize observable outcomes and extract a domain-owned phase with explicit inputs and outputs; this function must not grow.
crates/laminar-db/src/pipeline_lifecycle/startup.rs	run_claimed_start	152	ordered-protocol-local-exception	The remaining body is one ordered control transaction whose awaits, durable publication, authority checks, and cleanup/rollback branches are audited together; an uncharacterized split could obscure the commit boundary or primary failure.	Add focused transition/fault-injection coverage and extract immutable preparation or cold failure handling; this function must not grow.
crates/laminar-db/src/pipeline_lifecycle/startup.rs	initialize_checkpointing	249	ordered-protocol-local-exception	The remaining body is one ordered control transaction whose awaits, durable publication, authority checks, and cleanup/rollback branches are audited together; an uncharacterized split could obscure the commit boundary or primary failure.	Add focused transition/fault-injection coverage and extract immutable preparation or cold failure handling; this function must not grow.
crates/laminar-db/src/pipeline_lifecycle/state_recovery.rs	restore_recovered_state_frames	178	ordered-protocol-local-exception	The remaining body is one ordered control transaction whose awaits, durable publication, authority checks, and cleanup/rollback branches are audited together; an uncharacterized split could obscure the commit boundary or primary failure.	Add focused transition/fault-injection coverage and extract immutable preparation or cold failure handling; this function must not grow.
crates/laminar-db/src/pipeline_lifecycle/state_recovery.rs	recover_pipeline_state	219	ordered-protocol-local-exception	The remaining body is one ordered control transaction whose awaits, durable publication, authority checks, and cleanup/rollback branches are audited together; an uncharacterized split could obscure the commit boundary or primary failure.	Add focused transition/fault-injection coverage and extract immutable preparation or cold failure handling; this function must not grow.
crates/laminar-db/src/pipeline/streaming_coordinator/barrier_handling.rs	handle_barrier	203	hot-path-local-exception	The remaining body owns one cohesive record/batch/state iteration or accounting boundary; extraction without a dedicated benchmark could add calls, allocation, copying, or obscure exact state mutation order.	Add or run a focused benchmark, then extract only cold validation, preparation, error conversion, or result assembly; this function must not grow.
crates/laminar-db/src/pipeline/streaming_coordinator/checkpoint_admission.rs	complete_prepared_source_less_checkpoint	136	hot-path-local-exception	The remaining body owns one cohesive record/batch/state iteration or accounting boundary; extraction without a dedicated benchmark could add calls, allocation, copying, or obscure exact state mutation order.	Add or run a focused benchmark, then extract only cold validation, preparation, error conversion, or result assembly; this function must not grow.
crates/laminar-db/src/pipeline/streaming_coordinator/construction.rs	prepare_source_generations	195	hot-path-local-exception	The remaining body owns one cohesive record/batch/state iteration or accounting boundary; extraction without a dedicated benchmark could add calls, allocation, copying, or obscure exact state mutation order.	Add or run a focused benchmark, then extract only cold validation, preparation, error conversion, or result assembly; this function must not grow.
crates/laminar-db/src/pipeline/streaming_coordinator/execution.rs	wait_for_cycle	143	hot-path-local-exception	The remaining body owns one cohesive record/batch/state iteration or accounting boundary; extraction without a dedicated benchmark could add calls, allocation, copying, or obscure exact state mutation order.	Add or run a focused benchmark, then extract only cold validation, preparation, error conversion, or result assembly; this function must not grow.
crates/laminar-db/src/pipeline/streaming_coordinator/execution.rs	service_background_work	160	hot-path-local-exception	The remaining body owns one cohesive record/batch/state iteration or accounting boundary; extraction without a dedicated benchmark could add calls, allocation, copying, or obscure exact state mutation order.	Add or run a focused benchmark, then extract only cold validation, preparation, error conversion, or result assembly; this function must not grow.
crates/laminar-db/src/pipeline/streaming_coordinator/execution.rs	run_inner	333	hot-path-local-exception	The remaining body owns one cohesive record/batch/state iteration or accounting boundary; extraction without a dedicated benchmark could add calls, allocation, copying, or obscure exact state mutation order.	Add or run a focused benchmark, then extract only cold validation, preparation, error conversion, or result assembly; this function must not grow.
crates/laminar-db/src/pipeline/streaming_coordinator/shutdown.rs	finish_run	333	hot-path-local-exception	The remaining body owns one cohesive record/batch/state iteration or accounting boundary; extraction without a dedicated benchmark could add calls, allocation, copying, or obscure exact state mutation order.	Add or run a focused benchmark, then extract only cold validation, preparation, error conversion, or result assembly; this function must not grow.
crates/laminar-db/src/pipeline/streaming_coordinator/source_actor.rs	spawn	1117	hot-path-or-protocol-owner	One biased spawned future preserves source authority, barrier, drain, poll, and publication priority.	Move only measured cold shutdown/error paths; the actor file may not grow.
crates/laminar-db/src/pipeline/streaming_coordinator/source_drain.rs	apply_latest_source_drain_command_fenced	281	hot-path-local-exception	The remaining body owns one cohesive record/batch/state iteration or accounting boundary; extraction without a dedicated benchmark could add calls, allocation, copying, or obscure exact state mutation order.	Add or run a focused benchmark, then extract only cold validation, preparation, error conversion, or result assembly; this function must not grow.
crates/laminar-db/src/pipeline/streaming_coordinator/source_lifecycle.rs	wait_source_barrier_release	180	hot-path-local-exception	The remaining body owns one cohesive record/batch/state iteration or accounting boundary; extraction without a dedicated benchmark could add calls, allocation, copying, or obscure exact state mutation order.	Add or run a focused benchmark, then extract only cold validation, preparation, error conversion, or result assembly; this function must not grow.
crates/laminar-db/src/rebalance.rs	publish_authority	241	module-review-baseline	Assignment planning and fenced transition publication share ordering invariants.	Extract validation and immutable planning phases; file may not grow.
crates/laminar-db/src/rebalance.rs	run	413	module-review-baseline	Assignment planning and fenced transition publication share ordering invariants.	Extract validation and immutable planning phases; file may not grow.
crates/laminar-db/src/rebalance.rs	audit_materialized_recovery_with_authority	231	module-review-baseline	Assignment planning and fenced transition publication share ordering invariants.	Extract validation and immutable planning phases; file may not grow.
crates/laminar-db/src/rebalance.rs	settle_audited_recovery_predecessor_checkpoint	226	module-review-baseline	Assignment planning and fenced transition publication share ordering invariants.	Extract validation and immutable planning phases; file may not grow.
crates/laminar-db/src/rebalance.rs	authorize_recovery_successor	155	module-review-baseline	Assignment planning and fenced transition publication share ordering invariants.	Extract validation and immutable planning phases; file may not grow.
crates/laminar-db/src/rebalance.rs	execute_graceful_rotation_owned	286	module-review-baseline	Assignment planning and fenced transition publication share ordering invariants.	Extract validation and immutable planning phases; file may not grow.
crates/laminar-db/src/rebalance.rs	try_rebalance_owned	252	module-review-baseline	Assignment planning and fenced transition publication share ordering invariants.	Extract validation and immutable planning phases; file may not grow.
crates/laminar-db/src/rebalance.rs	finalize_drain_snapshot	158	module-review-baseline	Assignment planning and fenced transition publication share ordering invariants.	Extract validation and immutable planning phases; file may not grow.
crates/laminar-db/src/rebalance.rs	settle_stopped_source_drain_after_recovery_quorum	261	module-review-baseline	Assignment planning and fenced transition publication share ordering invariants.	Extract validation and immutable planning phases; file may not grow.
crates/laminar-db/src/sink_task.rs	handle_sink_command	150	module-review-baseline	Sink actor lifecycle, epoch gates, draining, and error publication share task ownership.	Extract epoch-gate state and shutdown cleanup owner; file may not grow.
crates/laminar-db/src/sql_analysis.rs	detect_changelog_enrich_query	160	module-review-baseline	SQL dependency, changelog, and temporal-shape analysis share one visitor family.	Split independent analysis products without duplicating AST walks; file may not grow.
crates/laminar-db/src/table_store/mod.rs	encode	129	characterization-required-local-exception	The function is known readability debt, but its observable branches are not isolated enough for a safe semantic split in this pass; wrapper-only extraction would not improve comprehension.	Characterize observable outcomes and extract a domain-owned phase with explicit inputs and outputs; this function must not grow.
crates/laminar-db/src/table_store/mod.rs	restore_checkpoint	153	ordered-protocol-local-exception	The remaining body is one ordered control transaction whose awaits, durable publication, authority checks, and cleanup/rollback branches are audited together; an uncharacterized split could obscure the commit boundary or primary failure.	Add focused transition/fault-injection coverage and extract immutable preparation or cold failure handling; this function must not grow.
crates/laminar-db/src/temporal_join_state.rs	encoding_scratch_bytes	135	hot-path-or-protocol-owner	Temporal indexes, retention, and checkpoint compatibility remain combined.	Extract persisted-format validation from hot lookup/update paths; file may not grow.
crates/laminar-db/src/temporal_join_state.rs	encode	176	hot-path-or-protocol-owner	Temporal indexes, retention, and checkpoint compatibility remain combined.	Extract persisted-format validation from hot lookup/update paths; file may not grow.
crates/laminar-db/src/temporal_join_state.rs	apply_right_batch_with_keys	196	hot-path-or-protocol-owner	Temporal indexes, retention, and checkpoint compatibility remain combined.	Extract persisted-format validation from hot lookup/update paths; file may not grow.
crates/laminar-db/src/temporal_join_state.rs	probe_left_batch_with_keys	244	hot-path-or-protocol-owner	Temporal indexes, retention, and checkpoint compatibility remain combined.	Extract persisted-format validation from hot lookup/update paths; file may not grow.
crates/laminar-db/src/temporal_join_state.rs	drain_ready_probes	126	hot-path-or-protocol-owner	Temporal indexes, retention, and checkpoint compatibility remain combined.	Extract persisted-format validation from hot lookup/update paths; file may not grow.
crates/laminar-db/src/temporal_join_state.rs	capture_checkpoint	206	hot-path-or-protocol-owner	Temporal indexes, retention, and checkpoint compatibility remain combined.	Extract persisted-format validation from hot lookup/update paths; file may not grow.
crates/laminar-db/src/temporal_join_state.rs	drain_history_gc	160	hot-path-or-protocol-owner	Temporal indexes, retention, and checkpoint compatibility remain combined.	Extract persisted-format validation from hot lookup/update paths; file may not grow.
crates/laminar-db/src/temporal_join_state.rs	restore_versions	126	hot-path-or-protocol-owner	Temporal indexes, retention, and checkpoint compatibility remain combined.	Extract persisted-format validation from hot lookup/update paths; file may not grow.
crates/laminar-db/src/temporal_join_state.rs	restore_pending	204	hot-path-or-protocol-owner	Temporal indexes, retention, and checkpoint compatibility remain combined.	Extract persisted-format validation from hot lookup/update paths; file may not grow.
crates/laminar-derive/src/connector_config.rs	generate_from_config	126	characterization-required-local-exception	The function is known readability debt, but its observable branches are not isolated enough for a safe semantic split in this pass; wrapper-only extraction would not improve comprehension.	Characterize observable outcomes and extract a domain-owned phase with explicit inputs and outputs; this function must not grow.
crates/laminar-derive/src/record.rs	expand_record	136	characterization-required-local-exception	The function is known readability debt, but its observable branches are not isolated enough for a safe semantic split in this pass; wrapper-only extraction would not improve comprehension.	Characterize observable outcomes and extract a domain-owned phase with explicit inputs and outputs; this function must not grow.
crates/laminar-server/src/cluster.rs	wait_for_shutdown	222	module-review-baseline	Cluster bootstrap, service wiring, and shutdown ownership remain combined.	Extract service startup phases and bound cleanup owner; file may not grow.
crates/laminar-server/src/cluster.rs	start_cluster	1497	module-review-baseline	Cluster bootstrap, service wiring, and shutdown ownership remain combined.	Extract service startup phases and bound cleanup owner; file may not grow.
crates/laminar-server/src/cluster.rs	resolve_vnode_assignment	129	module-review-baseline	Cluster bootstrap, service wiring, and shutdown ownership remain combined.	Extract service startup phases and bound cleanup owner; file may not grow.
crates/laminar-server/src/http.rs	cluster_local_checkpoint_barrier_timings	139	module-review-baseline	HTTP routing and endpoint orchestration remain in one interface module.	Group endpoints by supported API domain without framework churn; file may not grow.
crates/laminar-server/src/http.rs	ws_client	176	module-review-baseline	HTTP routing and endpoint orchestration remain in one interface module.	Group endpoints by supported API domain without framework churn; file may not grow.
crates/laminar-server/src/pgwire.rs	serve	172	module-review-baseline	PgWire session, SQL dispatch, cancellation, and response mapping remain coupled.	Extract session lifecycle and response encoding owners; file may not grow.
crates/laminar-server/src/reload.rs	apply_reload	142	characterization-required-local-exception	The function is known readability debt, but its observable branches are not isolated enough for a safe semantic split in this pass; wrapper-only extraction would not improve comprehension.	Characterize observable outcomes and extract a domain-owned phase with explicit inputs and outputs; this function must not grow.
crates/laminar-server/src/server.rs	run_server	166	ordered-protocol-local-exception	The remaining body is one ordered control transaction whose awaits, durable publication, authority checks, and cleanup/rollback branches are audited together; an uncharacterized split could obscure the commit boundary or primary failure.	Add focused transition/fault-injection coverage and extract immutable preparation or cold failure handling; this function must not grow.
crates/laminar-sql/src/datafusion/lookup_join_exec/partial.rs	probe_partial_batch_with_fallback	127	hot-path-local-exception	The remaining body owns one cohesive record/batch/state iteration or accounting boundary; extraction without a dedicated benchmark could add calls, allocation, copying, or obscure exact state mutation order.	Add or run a focused benchmark, then extract only cold validation, preparation, error conversion, or result assembly; this function must not grow.
tools/independent-soak-contract/src/oracle_v2/case_evaluation.rs	evaluate_case	241	characterization-required-local-exception	The function is known readability debt, but its observable branches are not isolated enough for a safe semantic split in this pass; wrapper-only extraction would not improve comprehension.	Characterize observable outcomes and extract a domain-owned phase with explicit inputs and outputs; this function must not grow.
tools/independent-soak-contract/src/oracle_v2/output_evaluation.rs	evaluate_output	317	characterization-required-local-exception	The function is known readability debt, but its observable branches are not isolated enough for a safe semantic split in this pass; wrapper-only extraction would not improve comprehension.	Characterize observable outcomes and extract a domain-owned phase with explicit inputs and outputs; this function must not grow.
tools/independent-soak-contract/src/oracle_v2/wire_envelopes.rs	evaluate_wire_envelopes	179	characterization-required-local-exception	The function is known readability debt, but its observable branches are not isolated enough for a safe semantic split in this pass; wrapper-only extraction would not improve comprehension.	Characterize observable outcomes and extract a domain-owned phase with explicit inputs and outputs; this function must not grow.
tools/independent-soak-contract/src/wire_v1.rs	encode_marker_into	124	characterization-required-local-exception	The function is known readability debt, but its observable branches are not isolated enough for a safe semantic split in this pass; wrapper-only extraction would not improve comprehension.	Characterize observable outcomes and extract a domain-owned phase with explicit inputs and outputs; this function must not grow.
tools/independent-soak-contract/src/wire_v1.rs	decode_marker	122	characterization-required-local-exception	The function is known readability debt, but its observable branches are not isolated enough for a safe semantic split in this pass; wrapper-only extraction would not improve comprehension.	Characterize observable outcomes and extract a domain-owned phase with explicit inputs and outputs; this function must not grow.
